tweet_id,query,disease,created_at,screen_name,text,description,location,timezone,user_id,coordinate,tweets_per_user,posted_by,talk_about,sarcasm
7.40046E+17,Fibromyalgia,Fibromyalgia,07/06/2016 05:02,1strongwoman4me,raindoodlie: #Repost @fibromyalgia_inspirational  Morgan Freeman suffers from fibromyalgia (you... https://t.co/A3mIBpbH7i,"outgoing, loves bright, intellectual conversation,Special Ed Advocate AUTISM, #fibro #Lupus https://t.co/WaL3mrwo71",California  baby!,Pacific Time (US & Canada),619072030,,,Individual,celebrity,
7.19527E+17,Fibromyalgia,Fibromyalgia,11/04/2016 14:06,AngelinaSusan2,Fibromyalgia skittish factors - swish which are alterum?: IwyBd,,,Brussels,1223410880,,,Individual,don't know,
7.19534E+17,Fibromyalgia,Fibromyalgia,11/04/2016 14:35,alovelyuniverse,Fibromyalgia News Today,"Es ist alles lacherlich, wenn man an den Tod denkt. (T. Bernhard)",Nowhere (1997),Amsterdam,484693626,,,Individual,don't know,
7.19554E+17,Fibromyalgia,Fibromyalgia,11/04/2016 15:53,AdrielsLife,I'm just a really loyal person.  Happy Monday everyone!  #coffeeislife #momlife #fibromyalgia #spoonieproblems https://t.co/cBOt7FALmm,"Sharing my life with fibromyalgia, my constant struggle to eat real, healthy food, and to live a more natural life.",,,2895348156,,,Individual,don't know,
7.19928E+17,Fibromyalgia,Fibromyalgia,12/04/2016 16:39,apickylady,"Anyone in the Los Angeles area who is suffering from fibromyalgia, there is now a clinical trial being held.  I'm... https://t.co/iy7eCM9fsr",social worker/author,"moreno valley,  ca",Pacific Time (US & Canada),37611145,,,Individual,don't know,
7.20977E+17,Fibromyalgia,Fibromyalgia,15/04/2016 14:06,21stCenHealth,Microbial Origins  of Fibromyalgia https://t.co/ghaBFVrmmM #health https://t.co/roAh1UyR8x,Tweeting #health news & alternative treatment solutions. Featured alternative treatment: https://t.co/mNNsYj1mLj,Everywhere,Pacific Time (US & Canada),,,,Individual,don't know,
7.21165E+17,Fibromyalgia,Fibromyalgia,16/04/2016 02:37,voon28260442,"Invisible Illness, Chronic Pain, Chronic Illness, Fibromyalgia, Lupus Awareness, Endometriosis, POTS... https://t.co/twjUxSHAUs","You are great and I love you! I'm a GIRL with 5 birds and a Teddy Bear Hamster! Living in a magickal world. Love, Spirituality and Freedom.",I'm in Longueuil!,,2782056436,,,Individual,don't know,
7.21585E+17,Fibromyalgia,Fibromyalgia,17/04/2016 06:24,aaksgirls,Steve Broadbent https://t.co/c48uWBIejs,,Kingman Az,Pacific Time (US & Canada),413600786,,,Individual,don't know,
7.22013E+17,Fibromyalgia,Fibromyalgia,18/04/2016 10:46,AngelinaSusan2,Fibromyalgia snug factors - with which are my humble self?: NCHhY,,,Brussels,1223410880,,,Individual,don't know,
7.22228E+17,Fibromyalgia,Fibromyalgia,19/04/2016 01:00,Amyv93,Sometimes this has to happen #invisibleillness #fibromyalgia @invisibleillwk https://t.co/ejl8a7MQMw,Author of The Necklace (coming Fall 2016 through Word Alive Press). Jesus follower. Whovian. Compassion sponsor.,"Saskatchewan, Canada",,,,,Individual,don't know,
7.22533E+17,Fibromyalgia,Fibromyalgia,19/04/2016 21:12,ZlataBrouwer,"How to Bow Comfortably and Fluently (with Arthritis or Fibromyalgia) | Vio https://t.co/wZz89f2k34 #violin, #viola https://t.co/gbDljV0Wqo",owner @zlatastrijk and  violin teacher at http://t.co/O66vM9XOJs and http://t.co/gC0trkLPcl,"Hilversum, Netherlands",Greenland,60551479,,,Individual,don't know,
7.22792E+17,Fibromyalgia,Fibromyalgia,20/04/2016 14:18,AnnaDsays,"@steamjetboomer RD, gymnastics, cheerleading, ballet en pointe, fibromyalgia,and 31 lbs boy who still loves to be carried",Attorney by day. Crazy cat lady by night. And mommy! Snark-aholic. Don't mess with Texas. #UTLAW #Longhorns #Seminole #fsu (*s)--denotes sarcasm,#TEXAS,Central Time (US & Canada),49834861,,,Individual,don't know,
7.22811E+17,Fibromyalgia,Fibromyalgia,20/04/2016 15:34,_HeyMisfit_,#WCW @thruthetrees11  I love my new brain. It's so silly and I was silly before #fibromyalgia,some crazy chick with her own superhero @kevytheb ...#BPD #Fibro #EYEbelieve,Where gray doesn't exist,,1873289480,,,Individual,don't know,
7.38755E+17,Fibromyalgia,Fibromyalgia,03/06/2016 15:32,AlyeskaDawn,"Migraine, Fibromyalgia Frequently Misdiagnosed as MS https://t.co/MWO0C3EyoG via @medscape",American Public Health Association (APHA) Keeping Health & Wellness' Prime Movers in top shape. We support public health initiatives everywhere,"Anchorage, Alaska",Eastern Time (US & Canada),396344859,,,Individual,don't know,
7.38756E+17,Fibromyalgia,Fibromyalgia,03/06/2016 15:34,zobrosky,30+ experts discussing why misdiagnosis &amp; improper treatment of #fibromyalgia is rampant! https://t.co/1rUUcSvzL6 https://t.co/yHX8tfxvxO,Specialized Life/Biz Transformation Coach  EFT/LOA Certified     Creator of 'Purpose & Wealth by Design' 12 wk Intensive,Northern California,Pacific Time (US & Canada),19728267,,,Individual,don't know,
7.38866E+17,#fibro,Fibromyalgia,03/06/2016 22:51,alm4500,Tshirts/bumper stickers available https://t.co/n2DiHmPXfZ #chronicpain #invisibleillness #rsd #pots #EDS #fibro #tn https://t.co/9xxo22l5xa,I've had RSD/CRPS for 18 years. I make/design awareness pictures to spread awareness for this horrific Illness and many others. I also have a store on Zazzle.,"New Jersey, USA",None,2249077726,,,Individual,don't know,
7.38871E+17,Fibromyalgia,Fibromyalgia,03/06/2016 23:11,aloanthatisback,"****Cure Any Autoimmune Disease *** Crohn's, TYPE 2 Diabetes, MS, Lupus, ...  F ... https://t.co/6UOmBjIkUZ https://t.co/BXt6gyRgGJ",,,Pacific Time (US & Canada),4866346240,,,Individual,don't know,
7.39298E+17,Fibromyalgia,Fibromyalgia,05/06/2016 03:27,allysonjames831,They want.... #fibromyalgia #rheumatoidarthritis #pseudotumorcerebri https://t.co/u8RyBcqGL0,"For the modern woman who wants something beautiful, different, fabulous at their wedding or event! The very best in jewelry, accessories & one of a kind gifts.","Clifton Park, New York",Pacific Time (US & Canada),227654727,,,Individual,don't know,
7.39513E+17,Fibromyalgia,Fibromyalgia,05/06/2016 17:41,amaris_g,"Light blue for osteoarthritis, dark blue for fibromyalgia and pink... https://t.co/HOT5ls13d3",Organizer of @HackerNest KW and @CSDevConnect.  Community Relations at @MagnetForensics. Co-host of @TSPWeekly. Community builder.  Canadian tech enthusiast.,Kitchener,Eastern Time (US & Canada),25309703,,,Individual,don't know,
7.39872E+17,#fibro,Fibromyalgia,06/06/2016 17:29,_liberalista,"Survivor hsp of #incest, #csa, child abuse, rape, adult abuse, programming, brainwashing, stalking. Have #DID, #CPTSD, #Fibro, #CFS &amp; more","Survivor hsp of #csa, #incest, child abuse, programming/brainwashing, adult abuse. Have #DID, #CPTSD, Amnesia, Aspergers, Fibro, CFS, Raynaud's, POTS.",United States,Central Time (US & Canada),3623877738,,,Individual,don't know,
7.39922E+17,Fibromyalgia,Fibromyalgia,06/06/2016 20:50,_SuccessCenter_,"#SuccessTRAIN Meet @SueInge #Author ,Speaker,Holistic #Health Practitioner Living Well w #Fibromyalgia https://t.co/ACYfUjtSwC",Your Success-Business & Personal Development - Success Quotes -Tips -Tools -Training -Jobs - Net Ventures -Franchises -Business Opportunities -Capital #F4F #FB,Global,Eastern Time (US & Canada),150261684,,,Individual,don't know,
7.40045E+17,Fibromyalgia,Fibromyalgia,07/06/2016 04:56,1strongwoman4me,couragehopestrength: #chronicpain #chronicillness #fibromyalgia #strength #Repost @iamhertribe with... https://t.co/aEtZ0bAhqY,"outgoing, loves bright, intellectual conversation,Special Ed Advocate AUTISM, #fibro #Lupus https://t.co/WaL3mrwo71",California  baby!,Pacific Time (US & Canada),619072030,,,Individual,don't know,
7.19622E+17,Fibromyalgia,Fibromyalgia,11/04/2016 20:21,adie1306,@MissusWebb Wife suffers from Fibromyalgia. Was a nightmare getting diagnosed and a joke dealing with Atos Healthcare.,"ONE LIFE, LIVE IT.",south Greater Manchester,London,301348879,,,Individual,family,
7.1812E+17,Fibromyalgia,Fibromyalgia,07/04/2016 16:56,A19Anita,@Ginjela I need this print to visually show my Dr. how I feel with my Fibromyalgia!!!!,Interested in Art Journaling/Mixed Media,Ohio,,564045441,,,Individual,himself,
7.18163E+17,Fibromyalgia,Fibromyalgia,07/04/2016 19:47,Ant_F3ltz,Dr gave me a new med for my Fibromyalgia...that stuff is nothing nice. Really messes with your head and dreams.,And that's when I punched Sasquatch right in the weiner...,Oregon,Pacific Time (US & Canada),3023132270,,,Individual,himself,
7.18202E+17,Fibromyalgia,Fibromyalgia,07/04/2016 22:21,afernuik,"Because of my disease (#fibromyalgia), I am likely going to die by the time I turn 112. #unfair #soberingthought",I'm usually lost.,Texas,Mountain Time (US & Canada),763066926,,,Individual,himself,
7.18235E+17,Fibromyalgia,Fibromyalgia,08/04/2016 00:32,_brendadavis,"If you don't have your health, You don't have shit...jus sayin  #fibromyalgia",mother..writes poetry fr pain,,,1042818464,,,Individual,himself,
7.18316E+17,Fibromyalgia,Fibromyalgia,08/04/2016 05:52,abd0e780f74e4c7,"@HealingWell spinal disability, arthritis and fibromyalgia. Will check it out x",my poodle bobbie is my life. l love all music Michael Ball is my favourite and love concerts and hate animal cruelty.,west midlands,,2947489067,,,Individual,himself,
7.18516E+17,Fibromyalgia,Fibromyalgia,08/04/2016 19:10,Annamezz68,"We all have some sort of issues we deal w daily mine is fibromyalgia aka chronicpain,b kind2eachother life's 2 short https://t.co/UQiqpbdjM1","appriciate life,animal n nature lover,love God family friends n #F4F ers NO X FOR DRAMA! Chicago fibrofighter follow my sister @nini5115",,Central Time (US & Canada),2338706617,,,Individual,himself,
7.1857E+17,Fibromyalgia,Fibromyalgia,08/04/2016 22:43,adeephaze,"I was writing earlier, pen and paper in hand, and these people pulled into the campsite next to me to have a picnic. #camping #fibromyalgia","Around the World in a Deep Haze. A man with fibromyalgia lives in a tent and drifts around the world, battling the fibro fog caused by an invisible disability",A tent in a campground somewhe,Arizona,4720464625,,,Individual,himself,
7.18782E+17,Fibromyalgia,Fibromyalgia,09/04/2016 12:45,archangelcrew,"21 Things Nobody Told Me About Fibromyalgia   I figured, if I was gonna be up at 4:30 AM might as well write, right? https://t.co/9BEAtbk7Rn","Verses like Dr. Seuss 2.0, introvert to the MAX so you know. One of these days I'll get a break; meanwhile let's have a nice cup of tea & a slice of this cake!","Bakersfield, CA",Pacific Time (US & Canada),2728424702,,,Individual,himself,
7.18793E+17,Fibromyalgia,Fibromyalgia,09/04/2016 13:29,altman_evan,Agree with Dr. Krauser's answer to I have sjogren's disease and fibromyalgia. My lymph nodes are so swollen it hurts... - http://htap.u...,Board-certified Psychiatrist,"Camp Lejeune, NC",,1909321243,,,Individual,himself,
7.18842E+17,Fibromyalgia,Fibromyalgia,09/04/2016 16:43,7thdaughter1,"@fibrowellness #fibromyalgia is winning this week exhaustion, waking with rigor mortis in my hands staggering spasms you know the list","After he watched movie, he tried to set me on fire plan to bury me in septic Padlocks on doors no wayout","Michigan, USA",Eastern Time (US & Canada),3145189781,,,Individual,himself,
7.18874E+17,Fibromyalgia,Fibromyalgia,09/04/2016 18:51,Angecolours,Me and my fibro https://t.co/HYhu0ISoVu,"I like adult colouring, and making handmade cards. I watch a lot of TV. I have fibromyalgia and depression",manchester,Pacific Time (US & Canada),75833238,,,Individual,himself,
7.18932E+17,Fibromyalgia,Fibromyalgia,09/04/2016 22:40,AirGuitarNinja,"Trying to go the day without taking my gabapentin, because I found out it is associated with major memory loss. #fibromyalgia #ouch","I like hiking, film, and fossils.","Kansas City,  MO",Central Time (US & Canada),37460352,,,Individual,himself,
7.18946E+17,Fibromyalgia,Fibromyalgia,09/04/2016 23:37,archangelcrew,21 Things Nobody Told Me About Fibromyalgia  I adjusted my #Tumblr settings-anyone can reply. #fibromyalgia #spoonie https://t.co/9BEAtbk7Rn,"Verses like Dr. Seuss 2.0, introvert to the MAX so you know. One of these days I'll get a break; meanwhile let's have a nice cup of tea & a slice of this cake!","Bakersfield, CA",Pacific Time (US & Canada),2728424702,,,Individual,himself,
7.18957E+17,Fibromyalgia,Fibromyalgia,10/04/2016 00:20,ApothicApples,Most folks were cool on me after my Fibromyalgia diagnosis but my pending divorce was an easy out. TBH. Real friends. What's that?,Eggplant parmesan and whisky fantasies,N 35 16' 0'' / W 80 44' 0'',Eastern Time (US & Canada),16249176,,,Individual,himself,
7.19026E+17,Fibromyalgia,Fibromyalgia,10/04/2016 04:55,zoiegirl97,Sooooo ill!!!!  #soill #feellikecrap #migraine #pain #fibromyalgia #fibroawarness #bodyhurts #feellikeivebeenhitbyamactruck,"Contact me at zoielynd@gmail.com to get your makeup, nails, and hair done Instagram @zoiekalil & @zoiesmakeup",,,2503773042,,,Individual,himself,
7.19051E+17,Fibromyalgia,Fibromyalgia,10/04/2016 06:34,AdamsonBobby,"Fixing in preference to fibromyalgia, fibromyalgia disabilities, sketch in contemplation of correction.: jcSOEK https://t.co/SUNntLUmdt",,,Adelaide,1205794243,,,Individual,himself,
7.19082E+17,Fibromyalgia,Fibromyalgia,10/04/2016 08:36,Annamezz68,"I #folloback just takes me #time i try,still #working on #dms #fibromyalgia #chronicpain #invisible #illness #sorry i do my #best #thankyou","appriciate life,animal n nature lover,love God family friends n #F4F ers NO X FOR DRAMA! Chicago fibrofighter follow my sister @nini5115",,Central Time (US & Canada),2338706617,,,Individual,himself,
7.19202E+17,Fibromyalgia,Fibromyalgia,10/04/2016 16:36,angelamorgan68,Too tired and sore to breathe #fibromyalgia,"mother, daughter, baker, reader, worker, friend, single independent woman. Fibromyalgia & Depression Sufferer",Blackwood South Wales,,73634808,,,Individual,himself,
7.19235E+17,Fibromyalgia,Fibromyalgia,10/04/2016 18:44,AlisonWade1,"Struggled today, as always,  but proud of what I have achieved #cfs #fibromyalgia #SpoonieProblems #cleancampervan #newsletterwritten","Tarot Reader. Blogger/social media-ist.  Slave to my animals, F1 fan,  Dairy Farmer's Wife  #cfs  #fibromyalgia  #Introvert  #Spoonie",Pembrokeshire,Europe/London,311707562,,,Individual,himself,
7.19275E+17,Fibromyalgia,Fibromyalgia,10/04/2016 21:25,amandabrett3,"@candismagazine @AldiUK Suffering from Fibromyalgia,this may really help me,i'd be thrilled to #Win and give it a go,thanks for the chance X","Hey i'm 38,wife,mother and bubbly northern bird :)",west yorkshire uk,,2361684746,,,Individual,himself,
7.19293E+17,Fibromyalgia,Fibromyalgia,10/04/2016 22:35,ant1967jones,"@SPOOKYPlCS @Tatted_Foreign Its actually how pain would look like if you could see it, suffering from Fibromyalgia!!!",Welcome to FrameWorx Photography & Picture Editing - Prints For Sale -                                   Email: FrameWorx2015@gmail.com - Mobile: 07710 558 030,"London, England",,1565701051,,,Individual,himself,
7.19298E+17,Fibromyalgia,Fibromyalgia,10/04/2016 22:55,amjmom2001,Need to vent. .I'm so TIRED of hurting. Fibromyalgia SUCKS. The pain is unexplainable and drainsyou physically and emotionally. Ok done now,life is what you make it......my life is made of my three kids and that means the world to me.  And never depend on anyone but yourself.,,,366390542,,,Individual,himself,
7.19569E+17,Fibromyalgia,Fibromyalgia,11/04/2016 16:54,AcPrMargaret,"Personally, I can say, Yes. - Does Comorbid Migraine, Fibromyalgia Heighten Pain Sensitivity? https://t.co/NkL9AdrNwE via @neuroadvisor","Research Coordinator for Amendola Communications @AmendolaComm:    Healthcare IT, PR & Marketing. Posts are my own","Scottsdale, AZ",,1514053416,,,Individual,himself,
7.19588E+17,Fibromyalgia,Fibromyalgia,11/04/2016 18:07,AngelTracy616,"I love the rain.  Sadly, my #Fibromyalgia does not.   Pain level today: 9/10   #inpain #SpoonieProblems #spooniewarrior",Witchy CatMom /#Reiki Master-Teacher / Healer Ghost Adventures  Supernatural (#TeamDean) #INFJ #HSP #Empath #Writer  #amwriting #poetry  book in progress,The Impala,Eastern Time (US & Canada),244758348,,,Individual,himself,
7.19675E+17,Fibromyalgia,Fibromyalgia,11/04/2016 23:53,AllDayArod,@TheDoctors I can completely relate to @GolnesaGG I have fibromyalgia and the pain is unbearable! I'd drink everyday 2 if I could afford it,LOVE Cleveland! Proud Latina!  When someone shows you who they are believe them; the first time. Maya Angelou,"Cleveland, OH",,2450699593,,,Individual,himself,
7.19762E+17,Fibromyalgia,Fibromyalgia,12/04/2016 05:39,AlisonWade1,Disturbed night and severe back pain now.  Now I must create a productive day.  #Magic #cfs #fibromyalgia,"Tarot Reader. Blogger/social media-ist.  Slave to my animals, F1 fan,  Dairy Farmer's Wife  #cfs  #fibromyalgia  #Introvert  #Spoonie",Pembrokeshire,Europe/London,311707562,,,Individual,himself,
7.19779E+17,Fibromyalgia,Fibromyalgia,12/04/2016 06:46,ajapelian,"it's not that i don't think fibromyalgia doesn't exist. as someone with chronic unexplainable junk pain, i can't rule anything out",raised by television. i like charles bronson. i like friends. both the tv show and the things. i'm only sober when i have to be.,"seattle,wa",Pacific Time (US & Canada),184080033,,,Individual,himself,
7.19854E+17,Fibromyalgia,Fibromyalgia,12/04/2016 11:46,Allencm27,A lot of people don't know thee #struggle of having #fibromyalgia - you think its hard when ur... https://t.co/aP27PRwr8Z,Singer||Songwriter IG:dgdreamgirl & @dgdreamhair FB: Dreangirl Building confidence through hair and music :) Email: dgdreamgirl27@gmail.com,"Atlanta, GA",,2555239176,,,Individual,himself,
7.19901E+17,Fibromyalgia,Fibromyalgia,12/04/2016 14:51,Alexa1018,How it feels to have #fibromyalgia. ( Except also there are people asking why you can't get up and go to work or... https://t.co/INAIlgCh9k,#Queer white #Vegan #Feminist Twitter feed isn't for the weak. #SocialistAlternative #BlackLivesMater #FundTheT #Trans #15Now #QUILTBAG & more. Also @LtAlexa.,Boston,Quito,72064773,,,Individual,himself,
7.19934E+17,Fibromyalgia,Fibromyalgia,12/04/2016 17:04,AbiPepperz357,"I feel like 75 shades of crap. Fibromyalgia is a bitch disease. I'd gladly take leave of my body, go on a cruise &amp; return after the pains go","Writer, Performance Poet, Paper-crafter, HR Consultant and Radio Presenter",United Kingdom,Europe/London,765324014,,,Individual,himself,
7.19946E+17,Fibromyalgia,Fibromyalgia,12/04/2016 17:51,Annamezz68,"Please give me the strength 2 fight fibromyalgia the chronic pain is unbearably high ,peace and positivity 2 all  https://t.co/G8BxD49hsr","appriciate life,animal n nature lover,love God family friends n #F4F ers NO X FOR DRAMA! Chicago fibrofighter follow my sister @nini5115",,Central Time (US & Canada),2338706617,,,Individual,himself,
7.19962E+17,Fibromyalgia,Fibromyalgia,12/04/2016 18:55,archangelcrew,"But then I realized, I AM kinda sickly! I've been battling #fibromyalgia for six years now. https://t.co/XO1dGf5o5g","Verses like Dr. Seuss 2.0, introvert to the MAX so you know. One of these days I'll get a break; meanwhile let's have a nice cup of tea & a slice of this cake!","Bakersfield, CA",Pacific Time (US & Canada),2728424702,,,Individual,himself,
7.19987E+17,Fibromyalgia,Fibromyalgia,12/04/2016 20:32,AngelTracy616,Day two of pain flares. *Bad* pain flares.   Pain level: 9/10   #Fibromyalgia #Spoonie #SpoonieProblems,Witchy CatMom /#Reiki Master-Teacher / Healer Ghost Adventures  Supernatural (#TeamDean) #INFJ #HSP #Empath #Writer  #amwriting #poetry  book in progress,The Impala,Eastern Time (US & Canada),244758348,,,Individual,himself,
7.2001E+17,Fibromyalgia,Fibromyalgia,12/04/2016 22:04,ally_mckilla13,@LizzieT_12 I did for awhile to see if it helped my fibromyalgia &amp;I literally just went down the aisle at hyvee w my mom and got random food,"Galesburg,ILKenosha, WI | HOBY ILCS '13 | insta: ally_mckilla13","Kenosha, WI",,2397116143,,,Individual,himself,
7.20089E+17,Fibromyalgia,Fibromyalgia,13/04/2016 03:19,adeephaze,"Good day. Able to hike &amp; got a lift when the weather turned bad. Also, deer hung around my campsite all evening. #fibromyalgia","Around the World in a Deep Haze. A man with fibromyalgia lives in a tent and drifts around the world, battling the fibro fog caused by an invisible disability",A tent in a campground somewhe,Arizona,4720464625,,,Individual,himself,
7.20208E+17,Fibromyalgia,Fibromyalgia,13/04/2016 11:13,angelahacking,@WeedFeed @pjcottam  good for my Fibromyalgia! Bring it on !,"Ordinary girl , likes wine , hates injustice .",,,43148184,,,Individual,himself,
7.2022E+17,Fibromyalgia,Fibromyalgia,13/04/2016 12:01,1dannimarshall,It will not beat me  #pain #fibromyalgia #silent #painful #fibro #trying #keepit #together #chronicpain #failing #missing #singing #dancing,"Co-Founder of Tenacity Dance Company Beauty, Style, Life Youtuber Enquires- dannimarshall1@gmail.com",,Pacific Time (US & Canada),3822983595,,,Individual,himself,
7.2023E+17,Fibromyalgia,Fibromyalgia,13/04/2016 12:40,_octillery,"im not even scared of needles really, im just hyperaware of pain &amp; bodily sensations bcus fibromyalgia",Kat/Tori  bi agenderflux octopus with fibromyalgia that has become kylo ren trash | they/them,dream address: 5100-4458-2959,Eastern Time (US & Canada),1621403527,,,Individual,himself,
7.20234E+17,Fibromyalgia,Fibromyalgia,13/04/2016 12:56,Angecolours,Omg I'm so exhausted &amp; in pain all over. I wish it wud just go away. #fibromyalgia #pain,"I like adult colouring, and making handmade cards. I watch a lot of TV. I have fibromyalgia and depression",manchester,Pacific Time (US & Canada),75833238,,,Individual,himself,
7.20328E+17,Fibromyalgia,Fibromyalgia,13/04/2016 19:08,AngelTracy616,You'd think after 21 years of this I'd be used to the #Fibromyalgia pain by now. No. Every day is different.  9.5/10 pain level  #Spoonie,Witchy CatMom /#Reiki Master-Teacher / Healer Ghost Adventures  Supernatural (#TeamDean) #INFJ #HSP #Empath #Writer  #amwriting #poetry  book in progress,The Impala,Eastern Time (US & Canada),244758348,,,Individual,himself,
7.20337E+17,Fibromyalgia,Fibromyalgia,13/04/2016 19:46,AlexHelenMoore,"I've survived nearly 40 years with #Fibromyalgia , I manage to work full time and do awesome stuff via bloodymindedness, diet and exercise..","All about racing,  cars,  metal,  animals and some other stuff.   @Yorkiegrit is my 2nd account dedicated to  Motorsport","Leeds, Usually",,553431603,,,Individual,himself,
7.2038E+17,Fibromyalgia,Fibromyalgia,13/04/2016 22:37,Angecolours,I just uploaded a new video to @YouTube: Fibromyalgia ruined my day https://t.co/m5wQjKLLsh,"I like adult colouring, and making handmade cards. I watch a lot of TV. I have fibromyalgia and depression",manchester,Pacific Time (US & Canada),75833238,,,Individual,himself,
7.20394E+17,Fibromyalgia,Fibromyalgia,13/04/2016 23:30,alyhansen_,All of my friends are becoming strippers and I'm sitting here sad as fuck because my Fibromyalgia would never allow such a thing,"21, wife, secular humanist.","Birmingham, Alabama",Eastern Time (US & Canada),1138046970,,,Individual,himself,
7.20416E+17,Fibromyalgia,Fibromyalgia,14/04/2016 00:58,anawkwardginger,"If I don't have fibromyalgia then my whole life is a lie, 100% convinced I have it","17~ An awkward, mentally and medically unstable YET proud: artist-to-be; photography enthusiast; beauty obsessed; newly coffee addicted; nature and tree hugger.",instagram~ @anawkwardginger,Dublin,2484209039,,,Individual,himself,
7.20514E+17,Fibromyalgia,Fibromyalgia,14/04/2016 07:29,zie_cheong,@DaveMustaine I have insomnia from adhd and fibromyalgia. Sucks!,Zie is a nickname short for Mackenzie. I'm a 19 yr old female. Been a self taught guitarist for 3 years so far. And an obsessed raving lunatic for ]\/[EGADET]-[,"Edmond, OK",,3182091764,,,Individual,himself,
7.20628E+17,Fibromyalgia,Fibromyalgia,14/04/2016 15:02,altman_evan,Agree with Dr. Ament's answer to Have fibromyalgia why am i so irretable is this normal? - https://t.co/t4dFgzZAJ4,Board-certified Psychiatrist,"Camp Lejeune, NC",,1909321243,,,Individual,himself,
7.20664E+17,Fibromyalgia,Fibromyalgia,14/04/2016 17:22,aesiraki,"@T_Frohock I was gonna say those hips don't lie, lol ;-) Fibromyalgia pain makes my entire body hurt so for me it's oy everything! ;-)","Bookworm, scribbler of all things dark, horror and fantasy junkie, library page, francophile, metalhead, MMA fan, INFJ",Formerly Darkeva,Eastern Time (US & Canada),1067079906,,,Individual,himself,
7.20748E+17,Fibromyalgia,Fibromyalgia,14/04/2016 22:56,ZephyraQ,@vesna05meandyou I have fibromyalgia so the humidity kills me. The sun is great! Love being in it and swimming in the sea,#DrWho #mmj #weed #wicca #pagan #fibro 18+ If easily offended stay off my TL #sex #lgbt #music #ReedusWarriors taken by @roadwarrior2915 #TWD,,,3320401566,,,Individual,himself,
7.20817E+17,Fibromyalgia,Fibromyalgia,15/04/2016 03:33,vullirunes,i have work tomorow then im going to doctor to talk about fibromyalgia stuff and then going to car dealership,I work at a dog kennel and a retail pet supply store!! and I draw! yeah,NJ,Eastern Time (US & Canada),142854875,,,Individual,himself,
7.21027E+17,Fibromyalgia,Fibromyalgia,15/04/2016 17:27,anitaapplebum13,@ThisisDavina want to loose weight have arthritis fibromyalgia &amp; ME got any tips for me #nevergiveuptrying,Kinda the same but different,Dartford Kent,,2724756443,,,Individual,himself,
7.2104E+17,Fibromyalgia,Fibromyalgia,15/04/2016 18:20,_HeyMisfit_,When you have to wear an old scrunchie bc everything else hurts your head...#fibromyalgia  https://t.co/hpaY5jxNpI,some crazy chick with her own superhero @kevytheb ...#BPD #Fibro #EYEbelieve,Where gray doesn't exist,,1873289480,,,Individual,himself,
7.21058E+17,Fibromyalgia,Fibromyalgia,15/04/2016 19:31,aerich_a,Tweeting while so sick with a cervicogenic (sp?) headache  it's an icepack and #Percocet kind of day. Sigh. #Fibromyalgia,"I'm tweeting, therefore I tweet.",United States,Eastern Time (US & Canada),608772443,,,Individual,himself,
7.2116E+17,Fibromyalgia,Fibromyalgia,16/04/2016 02:15,_Fluffycupcake_,Such bad leg pain  #ChronicIllness #fibromyalgia #cfs #spoonie https://t.co/0q3TNs8V0L,"Loving life with my amazing man and our family xx Love craft, baking and girly things! fibro / CFS fighter / spoonie.",Bedford,Amsterdam,1628006678,,,Individual,himself,
7.21207E+17,Fibromyalgia,Fibromyalgia,16/04/2016 05:22,4janders,Honestly starting to think I may have #CFS and #Fibromyalgia,be yourself and be kind to others,,,2413733521,,,Individual,himself,
7.2136E+17,Fibromyalgia,Fibromyalgia,16/04/2016 15:29,1dannimarshall,Just had a guitar and sing sesh. Going to regret but I loved it  #guitar #sing #singing #fibromyalgia #chronicpain #regret #miss #singing,"Co-Founder of Tenacity Dance Company Beauty, Style, Life Youtuber Enquires- dannimarshall1@gmail.com",,Pacific Time (US & Canada),3822983595,,,Individual,himself,
7.21371E+17,Fibromyalgia,Fibromyalgia,16/04/2016 16:12,amykate,Bad blood test last week = #fibromyalgia flare in my elbow this week. How completely ridiculous. Sigh. Tea anyone?,"#rdg ex-php developer, project manager, reads historic fiction, loves food - cooking and eating, am-drammer,","Reading, UK",London,2024301,,,Individual,himself,
7.21371E+17,Fibromyalgia,Fibromyalgia,16/04/2016 16:14,amykate,Ok #hivemind - waking up with pins and needles in my arm; #fibromyalgia or #pregnancy? I'm not sure but it's annoying! :-),"#rdg ex-php developer, project manager, reads historic fiction, loves food - cooking and eating, am-drammer,","Reading, UK",London,2024301,,,Individual,himself,
7.21376E+17,Fibromyalgia,Fibromyalgia,16/04/2016 16:32,AnnemarieMacke2,Not having a good time with the fibromyalgia but looking forward to watching my daughter act on the stage at the Bristol old vic,"I love the lord, my husband, my five children and my grandson. My church family are amazing and I would not be as far as I am in my walk with jesus without them","Bristol, England",,3373110033,,,Individual,himself,
7.21407E+17,Fibromyalgia,Fibromyalgia,16/04/2016 18:37,altman_evan,Agree with Dr. Baker's answer to Fibromyalgia is chronic pain and fatigue but why does it causes concentration and m... - http://htap.u...,Board-certified Psychiatrist,"Camp Lejeune, NC",,1909321243,,,Individual,himself,
7.21421E+17,Fibromyalgia,Fibromyalgia,16/04/2016 19:30,adnilxa,"@VABVOX @Alasscan_ @LeChatNoire4 @HillaryClinton  same here, I have Fibromyalgia, research is important!!!","It always seems impossible until its done.   Nelson Mandela I'm a Liberal Democrat who supports Hillary Clinton for POTUS 2016,The most qualified person.","South, Florida",Eastern Time (US & Canada),453321264,,,Individual,himself,
7.21479E+17,Fibromyalgia,Fibromyalgia,16/04/2016 23:23,aleighship,@Tayybootyy because I have fibromyalgia and it makes it seem like it's not that bad and like it doesn't take a toll on a person,no one could steer me right but mama tried,"Carrollton, GA",Eastern Time (US & Canada),138423925,,,Individual,himself,
7.21549E+17,Fibromyalgia,Fibromyalgia,17/04/2016 04:00,aknv,In pain. #ChronicIllness #fibromyalgia #hatethisfibro,just be what you want to be.,"NJ, USA",Eastern Time (US & Canada),21545985,,,Individual,himself,
7.21558E+17,Fibromyalgia,Fibromyalgia,17/04/2016 04:36,Adookable,"@maxx_chaos and of course, its connected to my fibromyalgia, so here we are... Ah well, today was good",Electronic Wytch | Fibromyalgia |  | Intersex Enby Girl Plus | Ferret |  She/Xe | Icon by @SAShmorky  AD: @Afterdook #cripplepunk https://t.co/vsarW4haBn,"Portland, OR",Pacific Time (US & Canada),15936206,,,Individual,himself,
7.21595E+17,Fibromyalgia,Fibromyalgia,17/04/2016 07:03,AlisonWade1,Officially in a flare.  #cfs #fibromyalgia  Just one day of 'normal' would be good,"Tarot Reader. Blogger/social media-ist.  Slave to my animals, F1 fan,  Dairy Farmer's Wife  #cfs  #fibromyalgia  #Introvert  #Spoonie",Pembrokeshire,Europe/London,311707562,,,Individual,himself,
7.21598E+17,Fibromyalgia,Fibromyalgia,17/04/2016 07:15,VyeRiosaki,"Before fibromyalgia, I was a murderer. I used to be able to chase down my targets. Then the pain kicked in. Thank you Lyrica, for helping.",Somewhat SFW. Socially Awkward. Part Time Furry. Cynical. Artist. I have a Patreon. Tweets thoughts. Current av @supacooldud Updates bio a lot. @GwarthHindrhead,At my House,,1919145366,,,Individual,himself,
7.21639E+17,Fibromyalgia,Fibromyalgia,17/04/2016 09:58,ADEADLYKITT3N,All I feel is pain and it won't go away... Stupid fibromyalgia,"cerulean city gym leader, huntress, elf, maiden, kitty, rogue, and many more.","Pittsburgh, PA",,517302780,,,Individual,himself,
7.21802E+17,Fibromyalgia,Fibromyalgia,17/04/2016 20:45,altman_evan,Agree with Dr. Berry's answer to I think I have fibromyalgia and I'm going to the doctor. What will he do to determi... - http://htap.u...,Board-certified Psychiatrist,"Camp Lejeune, NC",,1909321243,,,Individual,himself,
7.21864E+17,Fibromyalgia,Fibromyalgia,18/04/2016 00:51,_sully77_,When a normal day out enjoying the weather and being 'productive' means your legs stop working at the end of the day #fibromyalgia,"Muslimah first, everything else second; Primum non nocere; #Physiotherapist #cleanliving #bodysoulfood #artist #photographer @SeekersHubTO",On my exercise ball,Quito,67094940,,,Individual,himself,
7.21888E+17,Fibromyalgia,Fibromyalgia,18/04/2016 02:26,_sully77_,"#SpoonieProblems  Fibromyalgia:  A day has 24 hours to be productive, choose one: 1. Shower 2. Cook 3. Clean 4. None of the above Me: ....","Muslimah first, everything else second; Primum non nocere; #Physiotherapist #cleanliving #bodysoulfood #artist #photographer @SeekersHubTO",On my exercise ball,Quito,67094940,,,Individual,himself,
7.21934E+17,Fibromyalgia,Fibromyalgia,18/04/2016 05:32,_Anirak__,"My back and sciatica have hurt so much for so long, I actually dreamt of me, and the me in my dream was in pain. #sciatica #fibromyalgia",,,Central Time (US & Canada),1157640043,,,Individual,himself,
7.22055E+17,Fibromyalgia,Fibromyalgia,18/04/2016 13:30,ARabidBadger,"I feel like my kidneys are being smashed in, maybe playing Dark Cloud and watching #TheForceAwakens will help a little. #fibromyalgia",Frequently bamboozles self.,United Kingdom,London,3410443809,,,Individual,himself,
7.22098E+17,Fibromyalgia,Fibromyalgia,18/04/2016 16:20,w_lince,Fibromyalgia can be a life sucking -- time eating -- a$$ kicking condition:  I feel like I've lost years of productivity because of it.,Dont just aspire to make a living; Aspire to make a difference!,"Texas, USA",,935427710,,,Individual,himself,
7.22104E+17,Fibromyalgia,Fibromyalgia,18/04/2016 16:47,Amanda_Mck,@theSNP happy to see pledges re disability benefits.I have fibromyalgia ( a  long term condition) &amp; know changes will help so many people.,"professional crafter. also love:Angels, wet wet wet & Ally McCoist! Also Fibromyalgia fighter & FMA UK volunteer.","Paisley,Scotland",Edinburgh,48824870,,,Individual,himself,
7.22187E+17,Fibromyalgia,Fibromyalgia,18/04/2016 22:17,Angecolours,Living with fibromyalgia WANT TO CRY. https://t.co/ucA2rJ33R7,"I like adult colouring, and making handmade cards. I watch a lot of TV. I have fibromyalgia and depression",manchester,Pacific Time (US & Canada),75833238,,,Individual,himself,
7.22189E+17,Fibromyalgia,Fibromyalgia,18/04/2016 22:24,vullirunes,I hope my usual Doctor is workin tomorrow so I can start fibromyalgia meds and see if it helps,I work at a dog kennel and a retail pet supply store!! and I draw! yeah,NJ,Eastern Time (US & Canada),142854875,,,Individual,himself,
7.2222E+17,Fibromyalgia,Fibromyalgia,19/04/2016 00:29,aprilbloodgate,Well - Sonny has a surgery tomorrow morning and I have to get my fibromyalgia checked. Tomorrow is going to be a long day. Also voting,"Hudson Valley local inspired by nature, music, art and the muses of the world. Check out my link for portfolio work - DM or tweet for any commissions!","Beacon, NY",Pacific Time (US & Canada),3518523807,,,Individual,himself,
7.22347E+17,Fibromyalgia,Fibromyalgia,19/04/2016 08:52,AnArtDecoDiva,@AngryEgyptian1 I have a *very* painful condition called Fibromyalgia...Was on morphine (300mg) daily...for 15 yrs...@paradiselost_17,TRAVEL ENVY...    CURIOUS  FREETHINKER  DON'T FUCKING JUDGE!,"Portland, OR..REDUX....",Mid-Atlantic,1514067583,,,Individual,himself,
7.22482E+17,Fibromyalgia,Fibromyalgia,19/04/2016 17:46,annahardman,I wrote about how having a bad day with #fibromyalgia and #CFS can leave you SUPER blue and what to do about it... https://t.co/DaODeCqDEo,Head of PR in a digital & search agency. Food and Fashion writer for @BrightonSource. Health & Lifestyle blogger. Instagram: @_actualanna,Brighton/London/Liverpool,,16726356,,,Individual,himself,
7.22692E+17,Fibromyalgia,Fibromyalgia,20/04/2016 07:44,AlisonWade1,@911well Unfortunately my chronic health conditions are stressing me.  Struggle to keep going.  Ali x. #cfsme #fibromyalgia,"Tarot Reader. Blogger/social media-ist.  Slave to my animals, F1 fan,  Dairy Farmer's Wife  #cfs  #fibromyalgia  #Introvert  #Spoonie",Pembrokeshire,Europe/London,311707562,,,Individual,himself,
7.22796E+17,Fibromyalgia,Fibromyalgia,20/04/2016 14:36,alwaztypin,Happy #420!  Wishing my state wasn't so uptight :(  #fibromyalgia #FibroSux,Photographer * Combine Driver * Videographer * Mommy * PicRetoucher * DogHandler,Okiehoma,,24013712,,,Individual,himself,
7.22797E+17,Fibromyalgia,Fibromyalgia,20/04/2016 14:38,Amanda_Mck,Loaded with cold today( not fun when you have fibromyalgia) so lying on the couch doing some work with @itvjeremykyle on for company.,"professional crafter. also love:Angels, wet wet wet & Ally McCoist! Also Fibromyalgia fighter & FMA UK volunteer.","Paisley,Scotland",Edinburgh,48824870,,,Individual,himself,
7.38495E+17,Fibromyalgia,Fibromyalgia,02/06/2016 22:18,anthonywalsh400,@heatherj750 @911well ive read a bit bout fibromyalgia. Painful,Love my family & LFC. Dislike the Tories. #endgazasiege working class,Liverpool,None,2700519166,,,Individual,himself,
7.38701E+17,Fibromyalgia,Fibromyalgia,03/06/2016 11:58,aaminahshakur,This week I wrote about tattoos &amp; fibromyalgia at https://t.co/qj3ghZr93K &amp; posted fresh content for patrons at https://t.co/re4zVumA7n,Artist/Poet/Bead Fondler/Yarn Addict/Paint Splasher/Language Corruptor/Scene Disruptor/Queer (THEY)/Disabled/Brown/Witch/I say fuck a lot & I'm not ashamed,"Grand Rapids, Michigan, USA",Eastern Time (US & Canada),18836437,,,Individual,himself,
7.38769E+17,Fibromyalgia,Fibromyalgia,03/06/2016 16:25,AprilAlario,#FridayFeeling when ur sick all week &amp; realize its Friday   #Fibromyalgia #Endometriosis #PTSD #Disability #NoStigma https://t.co/GSqyaBEzcM,"Musings of an Artsy, Opinionated, Italian-American, Traveler, Christian, Feminist, Pro-Life, Democrat, Dog Lover, Differently Abled, Poet, Nerdy, Seminarian.","Massachusetts, USA",None,468753412,,,Individual,himself,
7.38856E+17,Fibromyalgia Pain,Fibromyalgia,03/06/2016 22:13,aaminahshakur,I've got fibromyalgia - no pain management; chronic herpes outbreaks - nothing; recurring shingles - nothing; migraines - nothing.,Artist/Poet/Bead Fondler/Yarn Addict/Paint Splasher/Language Corruptor/Scene Disruptor/Queer (THEY)/Disabled/Brown/Witch/I say fuck a lot & I'm not ashamed,"Grand Rapids, Michigan, USA",Eastern Time (US & Canada),18836437,,,Individual,himself,
7.38893E+17,Fibromyalgia,Fibromyalgia,04/06/2016 00:40,ama_ro_jo,I wonder if @theqflex would help with my fibromyalgia pain. #BeyondTheTank,Slow to trust but I'm quick to love ~ Push too hard and I give too much ~ I ain't sayin' I'm perfect ~ But I promise I'm worth it,"Knoxville, TN",Eastern Time (US & Canada),184253933,,,Individual,himself,
7.38923E+17,#fibro,Fibromyalgia,04/06/2016 02:38,abeautifulyouxo,Going to bed at 7:30. #SpoonieLife #fibro #fatigue,"Asperger's. Living w/ fibro, migraines, ADHD, scoliosis, GAD, OCD, panic disorder, & depression. #EndTheStigma #SickNotWeak",,Pacific Time (US & Canada),3053651665,,,Individual,himself,
7.39124E+17,Fibromyalgia,Fibromyalgia,04/06/2016 15:58,Allyspetal29,@JunieVonEsch nice hoodie and I have that shirt..  By the way I have fibromyalgia and purple is the color for awareness &lt;3,"gamer, love vampire shows and watching my favorite youtubers.. boogie2988, d'andre siggas, Eric (the online gamer) tigerwriter and of course @Bast50","Milwaukee, WI",Mountain Time (US & Canada),252857670,,,Individual,himself,
7.39155E+17,Fibromyalgia,Fibromyalgia,04/06/2016 18:02,Angel_Sheldayl,Sorry I've been MIA! In a Fibro flare up &amp; trying to keep myself going &amp; positive! #Fibro #Fibromyalgia #fibrofighter #fibroflareup,Author/Writer of different genres. Avid reader. Fibromyalgia warrior. #Writer #Author #FibroFighter,"Ipswich, England",London,703492598,,,Individual,himself,
7.39534E+17,Fibromyalgia,Fibromyalgia,05/06/2016 19:06,AnArtDecoDiva,"@Kris_Sacrebleu Drat, I  am missing ONE  of those...Fibromyalgia  has kicked my ass...@FishAlexander @paradox_tlc","Loathe stereotypes, Don't fucking judge!",Have NO idea,Mid-Atlantic,1514067583,,,Individual,himself,
7.3965E+17,Fibromyalgia,Fibromyalgia,06/06/2016 02:45,ama_ro_jo,Whoever said a little rain never hurt didn't have fibromyalgia.,Slow to trust but I'm quick to love ~ Push too hard and I give too much ~ I ain't sayin' I'm perfect ~ But I promise I'm worth it,"Knoxville, TN",Eastern Time (US & Canada),184253933,,,Individual,himself,
7.39752E+17,Fibromyalgia,Fibromyalgia,06/06/2016 09:34,allyska,Been for a long walk this morning. London did my legs in #fibromyalgia - taking in a few sun rays and having a little sit down. Nice weather,"interim Chief Executive, Single Parent Action Network. these are a lot of my own ramblings...",Bristol,London,27260322,,,Individual,himself,
7.39807E+17,Fibromyalgia,Fibromyalgia,06/06/2016 13:12,AliCoastDreamer,Feeling dreadful today just hope new day brings new health as got busy day tomorrow #EhlersDanlosSyndrome #Fibromyalgia,#eventplanner AC for #ehlersdanlossyndrome #Charity @ehlersdanlosuk & #Christian him&I love #Arts #Knitting #Percussion #Casualty #BigBangTheory #coast,"Norfolk, UK",London,2279807714,,,Individual,himself,
7.39807E+17,Fibromyalgia,Fibromyalgia,06/06/2016 13:12,AEmerz,Really dislike having fibromyalgia. I'm so tired and I can't walk easily but I need to get up or I'll fail my classes. Whyyyy.,17. Femme. Pan. Wannabe writer. Flower crown filter addict. Roastess with the mostest. Reinventing myself everyday as I readapt to life's absurdities.,California.,None,125533322,,,Individual,himself,
7.3987E+17,Fibromyalgia,Fibromyalgia,06/06/2016 17:24,_liberalista,"works like a charm to keep my wounds closed and not dissolve stitches, scabs, despite continued bleeding. it's just fibromyalgia &amp; cfs.","Survivor hsp of #csa, #incest, child abuse, programming/brainwashing, adult abuse. Have #DID, #CPTSD, Amnesia, Aspergers, Fibro, CFS, Raynaud's, POTS.",United States,Central Time (US & Canada),3623877738,,,Individual,himself,
7.3992E+17,#fibro,Fibromyalgia,06/06/2016 20:40,50somethingish,And there are my mental health issues but I dont want insurance company have access to session notes and claim is for #fibro,"Middle-aged vaporizing childfree humanist. Oh, and I code...and sleep a lot.",Boston,Eastern Time (US & Canada),864006834,,,Individual,himself,
7.39921E+17,Fibromyalgia,Fibromyalgia,06/06/2016 20:43,__PlainJane__,My elbow and wrist are burning. Side effect of wearing armour and having #fibromyalgia,"Real life Star Wars obsessed Stormtrooper, Tie Pilot, Scout Trooper, SCFC loving, Metallica worshipping, rock music adoring, English bird.","Stoke-on-Trent, England",London,15168986,,,Individual,himself,
7.39944E+17,Fibromyalgia,Fibromyalgia,06/06/2016 22:15,Amanda_Mck,"@bbc5live hi phil,I'm in bed with a hot water bottle (&amp; fluffy bed socks!). I have fibromyalgia &amp; need it to help me get comfy/ease pain","professional crafter. also love:Angels, wet wet wet & Ally McCoist! Also Fibromyalgia fighter & FMA UK volunteer.","Paisley,Scotland",Edinburgh,48824870,,,Individual,himself,
7.40078E+17,#fibro,Fibromyalgia,07/06/2016 07:10,AmySedgemore,Used the massage chair at work for my kinked back &amp; wound up feeling like I've fallen down a flight of cement stairs. #Fibro Sucks  #ouch,Stargazer. Daydreamer. Avid Reader. Romance Writer. Volunteer.,"Vancouver, Canada",Pacific Time (US & Canada),23416745,,,Individual,himself,
7.40136E+17,Fibromyalgia,Fibromyalgia,07/06/2016 11:00,320_5314,#Fibromyalgia #hot pepper muscle rub # perfectly posh  https://t.co/D6uAnZMxKC https://t.co/B3zrJpychU,I sell perfectly posh and love it! The products are all natural and amazing.,"Minnesota, USA",None,7.24674E+17,,,Individual,himself,
7.40173E+17,#fibro,Fibromyalgia,07/06/2016 13:25,AuntyListen,Lovely sunny day. With help I've put some washing out. I've planted up last of the geraniums. I'm suffering still with a flare. #fibro #pwme,"Volunteer, Counselling Student, Agony Aunt to many... It's good to talk, especially over a nice cuppa and cake! M.E & Fibro, Gastroparesis, Autonomic Superhero.","North East, England",Casablanca,932435058,,,Individual,himself,
7.40224E+17,Fibromyalgia,Fibromyalgia,07/06/2016 16:47,AmyMTalbott,Hubby wants me to rest today. #badfoot #Fibroflare #Fibromyalgia #autoimmunedisease #chron... https://t.co/SokP8wJ4bl https://t.co/t8sCJlyY7V,"I am a homeschooling mommy of 5 little ones under 8. A blogger, Christ follower, and wanna be writer. I live with Fibromyalgia & autoimmune disease",Way Down South,None,42499580,,,Individual,himself,
7.40237E+17,Fibromyalgia,Fibromyalgia,07/06/2016 17:39,ZMBEMOM13,hopefully to the list of fellow fibromyalgia suffers I myself am tired of it being treated as a phantom illness https://t.co/xvMcMoK2SH,,,None,3306048198,,,Individual,himself,
7.40334E+17,Fibromyalgia,Fibromyalgia,08/06/2016 00:05,zenjen87,After multiple shoulder dislocations and living with #chronicpain and #fibromyalgia I am proudly... https://t.co/7HszYQkPvW,"Doing my thing, living my dreamnatural health, wellness, and yoga","California, USA",None,7.19691E+17,,,Individual,himself,
7.40601E+17,Fibromyalgia,Fibromyalgia,08/06/2016 17:45,AngelTracy616,It's not a good day  #Fibromyalgia #SpoonieLife #Spoonie https://t.co/4fuB6NaOkG,Witchy CatMom /#Reiki Master-Teacher / #FibroWarrior / Ghost Adventures  Supernatural #INFJ #HSP #Empath #Writer  #amwriting #poetry  book in progress,"Pittsburgh, PA",Eastern Time (US & Canada),244758348,,,Individual,himself,
7.40622E+17,Fibromyalgia,Fibromyalgia,08/06/2016 19:10,AandBCounseling,My Victory Over Fibromyalgia and Satans Plan to Steal My Destiny https://t.co/1MTvByBD05,We help people do and be all that God has called them to do and be! Ephesians 3:20 He is able!,USA,Eastern Time (US & Canada),297462613,,,Individual,himself,
7.19672E+17,Fibromyalgia,Fibromyalgia,11/04/2016 23:44,Angecolours,My 1st fibro vlog for my FB page living with fibromyalgia https://t.co/3a8biElOlH,"I like adult colouring, and making handmade cards. I watch a lot of TV. I have fibromyalgia and depression",manchester,Pacific Time (US & Canada),75833238,,,Individual,knows,
7.19926E+17,Fibromyalgia,Fibromyalgia,12/04/2016 16:31,Aktaia_,"@thanorodd If you don't mind my asking, have you been diagnosed with something like fibromyalgia, or is it the result of physical trauma?","Canadian - Yarn Crafter (knit and crochet), DayKnight #GymLadyKnights","Ontario, Canada",Eastern Time (US & Canada),132673031,,,Individual,knows,
7.20503E+17,Fibromyalgia,Fibromyalgia,14/04/2016 06:46,VonnieBatty,Vinnie thanks for asking he has good days &amp; bad days with his #fibromyalgia bless him.   https://t.co/AavP763p5c,"My Hubby is my life, I love Reading, Cleaning, Watching Movies, Yoga, Meditation, Listening to music & spending time with the people I love. I'm a #BattyBat X",UK,London,566507639,,,Individual,knows,
7.21524E+17,Fibromyalgia,Fibromyalgia,17/04/2016 02:21,abaroquebitch,.@lemm137 is there anything we can do that doesn't leave you in pain/exhausted? like he hasn't been around me &gt; 6 years #fibromyalgia,Good luck faerie. Sometimes I do weird shit & tweet about it.,"Athens, GA",Eastern Time (US & Canada),2476122583,,,Individual,knows,
7.18129E+17,Fibromyalgia,Fibromyalgia,07/04/2016 17:29,altman_evan,Agree with Dr. Machanic's answer to Fibromyalgia im on cymbalta60mg no improvement yet concentration  n memory probl... - http://htap.u...,Board-certified Psychiatrist,"Camp Lejeune, NC",,1909321243,,,Individual,subject,
7.18147E+17,Fibromyalgia,Fibromyalgia,07/04/2016 18:41,Aenima666,"#Pregabalin associated with improved sleep parameters in people with #fibromyalgia, says study https://t.co/xOibLJtiWz via @ArthritisDigest","Paciente e im-paciente con #Lupus Eritematoso Sistemico, activista-ciberactivista en #salud. Autora del blog ALEA IACTA EST. De mayor quiero ser Reumatologa.",MADRID,Amsterdam,230754936,,,Individual,subject,
7.18272E+17,Fibromyalgia,Fibromyalgia,08/04/2016 03:00,Ankelmacrilzac,What is Fibromyalgia? A Chronic Disorder https://t.co/08TbohMvuq,,"Newport News, VA",Eastern Time (US & Canada),128298939,,,Individual,subject,
7.18415E+17,Fibromyalgia,Fibromyalgia,08/04/2016 12:25,AllThat1Am,Fibromyalgia Short Burst Exercise https://t.co/PFqtVqvXYJ via @YouTube,#HolisticCoach #LifeCoach #WellnessCoach,"London, England",,4019608583,,,Individual,subject,
7.18464E+17,Fibromyalgia,Fibromyalgia,08/04/2016 15:43,AmyBGreenfield,Had to share 2 more great stories!!!!  Check these out! Know anyone with fibromyalgia?  Check out the herbs in... https://t.co/uow92d2rK7,"Loving life, turning lemons into lemonade, family, helping people reach their goals, their dreams, that's my passion!",Florida,Central Time (US & Canada),28437225,,,Individual,subject,
7.18469E+17,Fibromyalgia,Fibromyalgia,08/04/2016 16:03,AjahmedAhmed,#Fibromyalgia This is only the half of it. https://t.co/tKqesDf6lR,"Love for All, Hatred for None. Retweets are not endorsements. https://t.co/VXuBVHHPVO",,,1664316950,,,Individual,subject,
7.18569E+17,Fibromyalgia,Fibromyalgia,08/04/2016 22:38,altman_evan,Agree with Dr. Kent's answer to What ways can a sjogrens and fibromyalgia patient benefit from weed? What ways are b... - http://htap.u...,Board-certified Psychiatrist,"Camp Lejeune, NC",,1909321243,,,Individual,subject,
7.18756E+17,Fibromyalgia,Fibromyalgia,09/04/2016 11:04,anitalmoore,"@WarwickCastle  30min hike car park no shuttle service or benches en route,  not registered disabled but have arthritis/fibromyalgia #inpain","Emergency  Response Service Co-ordinator Lincolnshire, British Red Cross.",,,133402540,,,Individual,subject,
7.18845E+17,Fibromyalgia,Fibromyalgia,09/04/2016 16:55,7thdaughter1,"Why Fibromyalgia Is Neuropathic https://t.co/hE6NLHMYkZ via @clevelandclinic They say it is all in our head, Guess they are right. It is.","After he watched movie, he tried to set me on fire plan to bury me in septic Padlocks on doors no wayout","Michigan, USA",Eastern Time (US & Canada),3145189781,,,Individual,subject,
7.18878E+17,Fibromyalgia,Fibromyalgia,09/04/2016 19:06,amymccolloughev,Fibromyalgia Eye Problems | | Chronic Body Pain https://t.co/cN8PJp2ea6,LIVE  LAUGH LOVE,"Cheyenne, WY",Eastern Time (US & Canada),1390231381,,,Individual,subject,
7.19025E+17,Fibromyalgia,Fibromyalgia,10/04/2016 04:51,alyhansen_,"Love chronic pain  thanks for inventing things like Fibromyalgia, @god!","21, wife, secular humanist.","Birmingham, Alabama",Eastern Time (US & Canada),1138046970,,,Individual,subject,
7.19692E+17,Fibromyalgia,Fibromyalgia,12/04/2016 01:01,Angecolours,I just uploaded a new video to @YouTube: Living with fibromyalgia https://t.co/3a8biElOlH,"I like adult colouring, and making handmade cards. I watch a lot of TV. I have fibromyalgia and depression",manchester,Pacific Time (US & Canada),75833238,,,Individual,subject,
7.19933E+17,Fibromyalgia,Fibromyalgia,12/04/2016 17:01,Amanda_Mck,Its #charitytuesday so have to mention  @fmauk .Great charity that does so much to raise awareness of fibromyalgia &amp; support those with it,"professional crafter. also love:Angels, wet wet wet & Ally McCoist! Also Fibromyalgia fighter & FMA UK volunteer.","Paisley,Scotland",Edinburgh,48824870,,,Individual,subject,
7.20002E+17,Fibromyalgia,Fibromyalgia,12/04/2016 21:32,aliyahbrody,Super! Finding Good in the #FibroFog by @SnippetsofFaith https://t.co/ynNOztZO5r #fibromyalgia #ChronicIllness https://t.co/eua9TkbMSe,"prior hider/Current Seeker. Wife to @MarriageReset & Mumsi. Always. Writer/editor/artiste in training, too. Laundress to teens. Older, bolder, better, best yet.","Montreal, Canada",,2242982898,,,Individual,subject,
7.20071E+17,Fibromyalgia,Fibromyalgia,13/04/2016 02:06,Aida362,This Is How Fibromyalgia Behaves https://t.co/tsS5BsOdmh,Owner/Founder of ECS a company in the Healthcare Industry also a NYC vendor/contractor. Proud mother and wife.,New York,Eastern Time (US & Canada),348669611,,,Individual,subject,
7.20101E+17,Fibromyalgia,Fibromyalgia,13/04/2016 04:05,AprilDawn351,But you don't look sick.... #fibromyalgia  #5WordBackhandedRemark,SAHM extraordinaire!,"Keystone Heights, FL",Eastern Time (US & Canada),2800670451,,,Individual,subject,
7.20125E+17,Fibromyalgia,Fibromyalgia,13/04/2016 05:43,ZsaZsa1130,Pain-free clothing ideas.  #Fibromyalgia #pain #pain-free #clothing https://t.co/ejEBgMky2Y via @pinterest,"This is Rachel's Twiiter page!! Everyone is welcome to come, put your feet up, grab a cup of your favorite hot coffee or tea, and visit a while. :D 3","Walker, LA",Central Time (US & Canada),1159341944,,,Individual,subject,
7.2024E+17,Fibromyalgia,Fibromyalgia,13/04/2016 13:17,aflynn33,I liked a @YouTube video https://t.co/MaW7PZ1SiF Fibromyalgia -- an Invisible Illness?,"I'm a Daughter, Mom, Wife, Sister and Friend. Luv all the simple things in life ! I sell  YOUNIQUE MAKEUP PRODUCTS",Scarborough Ontario,Quito,47231437,,,Individual,subject,
7.20284E+17,Fibromyalgia,Fibromyalgia,13/04/2016 16:15,VSChiropractic,"#fibromyalgia symptons can be helped with #Chiropractic care, schedule your appt today. https://t.co/xLLa08xIBb https://t.co/0JlACgsEku","My goal is education, so my patients can make informed and insightful decisions about their health care","Roswell, GA",,4830580019,,,Individual,subject,
7.20288E+17,Fibromyalgia,Fibromyalgia,13/04/2016 16:28,AaronGBinns,New Post: 4 Ways Chiropractic Can Help Those That Suffer From Fibromyalgia https://t.co/19RzjWndEL,"Chiropractor, Dad, Football Nut",,,567477265,,,Individual,subject,
7.20325E+17,Fibromyalgia,Fibromyalgia,13/04/2016 18:56,zesty_health,"Fibromyalgia relief may come from acupuncture, doctor says https://t.co/GYgO6qpS9m #health #wellness https://t.co/pTl6N4pXGu",Were constantly tweeting links to the freshest #Health newsfollow us to stay on top of everything #HealthandWellness.,,,,,,Individual,subject,
7.20326E+17,Fibromyalgia,Fibromyalgia,13/04/2016 19:02,Zoey_Wood,"Fibromyalgia,  ME,  IBS results 17st 2lb down to 14st 11lb   Well done Jo jo  https://t.co/6krLgUcxaw","Mum to 3 boys.  Do you want to feel good,  look good?  Earn some extra money?   Facebook- Zoe Wood Instagram- ZOEYW09",,,555992142,,,Individual,subject,
7.20337E+17,Fibromyalgia,Fibromyalgia,13/04/2016 19:45,AlexHelenMoore,"I rarely tweet about #Fibromyalgia because every time I do, some snakeoil idiot tries to message me.","All about racing,  cars,  metal,  animals and some other stuff.   @Yorkiegrit is my 2nd account dedicated to  Motorsport","Leeds, Usually",,553431603,,,Individual,subject,
7.20338E+17,Fibromyalgia,Fibromyalgia,13/04/2016 19:47,AlexHelenMoore,Any awesome people with #Fibromyalgia are welcome to message me; anyone trying to sell me daft therapies or promises of a cure can gtfo x ;D,"All about racing,  cars,  metal,  animals and some other stuff.   @Yorkiegrit is my 2nd account dedicated to  Motorsport","Leeds, Usually",,553431603,,,Individual,subject,
7.20402E+17,Fibromyalgia,Fibromyalgia,14/04/2016 00:04,amyrobsonmakeup,Life with #mecfs #cfs #MyalgicEncephalomyelitis #fibromyalgia #fibro #migraine #arthritis #awareness https://t.co/EnrPGf6OFg,"Makeup artist currently based in north east England. Bridal, Occasion, photoshoot, TV & film makeup Contact: amyrobsonmakeup@gmail.com",,,2986425868,,,Individual,subject,
7.20517E+17,Fibromyalgia,Fibromyalgia,14/04/2016 07:41,Andy_Rankine,The courts confirmed that fibromyalgia is grounds for declaring permanent disability - https://t.co/e7ldOfQWqz,"Councillor for 15 yrs, Radio Broadcaster Christian & Liverpool FC, ex-pat Scouser & Anti-Tory,  Fighting for fairness & Social Justice, Likes Rugby & J.Corbyn","Skipton, North Yorkshire",London,19878371,,,Individual,subject,
7.20542E+17,Fibromyalgia,Fibromyalgia,14/04/2016 09:19,87stoljartm,fibromyalgia chat group https://t.co/YwHm6g6XVl,,,,,,,Individual,subject,
7.20573E+17,Fibromyalgia,Fibromyalgia,14/04/2016 11:23,AmericanRenova1,#FIBROMYALGIA warrior! #ChronicIllness An honest &amp; raw account of the battles faced by those with chronic illness  https://t.co/oqxCfNW0l5,Renovating some of the most beautiful homes all over the DFW area.,"McKinney, TX",,4902478570,,,Individual,subject,
7.20631E+17,Fibromyalgia,Fibromyalgia,14/04/2016 15:12,altman_evan,Agree with Dr. Rosenfeld's answer to What qualifies a phd psychologist to treat fibromyalgia? - https://t.co/AIJr7Lty6u,Board-certified Psychiatrist,"Camp Lejeune, NC",,1909321243,,,Individual,subject,
7.2064E+17,Fibromyalgia,Fibromyalgia,14/04/2016 15:50,anthony_p33,Having a rough 2 days physically. Migraines caused by fibromyalgia and sick from my boys having... https://t.co/pS2kkAoOy6,I am here to be the hands and feet of Christ. To Glorify our Heavenly Father. I am married to my best friend and have 3 amazing boys. God Bless.,,Eastern Time (US & Canada),69056329,,,Individual,subject,
7.20641E+17,Fibromyalgia,Fibromyalgia,14/04/2016 15:51,altman_evan,Agree with Dr. Elliott's answer to What qualifies a phd psychologist to treat fibromyalgia? - https://t.co/AIJr7Lty6u,Board-certified Psychiatrist,"Camp Lejeune, NC",,1909321243,,,Individual,subject,
7.20645E+17,Fibromyalgia,Fibromyalgia,14/04/2016 16:10,23inertia,3 benefits of Himalayan Pink Salt for #Fibromyalgia https://t.co/WU544Yt9d2,ecomm grad | tech writer | mum | feminist | metalhead | ale drinker | social media nut |blogger. Learning to live with fibromyalgia.  Also @femetalism.,"Sheffield, UK",Amsterdam,570970086,,,Individual,subject,
7.20758E+17,Fibromyalgia,Fibromyalgia,14/04/2016 23:38,Zomommey,#tytlive I think it would help if ppl knew the ramifications of antibiotic over use on our bodies-ch fatigue &amp; fibromyalgia r linked 2 it,wanted a platform to express myself where i didnt have to worry about getting in spats with ultra religous and/ or ultra conservative family members,Bumfuck nowhere,,18824003,,,Individual,subject,
7.20978E+17,Fibromyalgia,Fibromyalgia,15/04/2016 14:10,_HeyMisfit_,"Does anyone w #fibromyalgia or #chronicfatiguesyndrome ever feel like you're being gagged? Grow up, ppl, I know what it sounds like lol",some crazy chick with her own superhero @kevytheb ...#BPD #Fibro #EYEbelieve,Where gray doesn't exist,,1873289480,,,Individual,subject,
7.20985E+17,Fibromyalgia,Fibromyalgia,15/04/2016 14:41,23inertia,Walking with #Fibromyalgia https://t.co/5qG26RjDl1 #spoonie #fibromyalgiaexercise https://t.co/Dpt9Bpiq7I,ecomm grad | tech writer | mum | feminist | metalhead | ale drinker | social media nut |blogger. Learning to live with fibromyalgia.  Also @femetalism.,"Sheffield, UK",Amsterdam,570970086,,,Individual,subject,
7.20999E+17,Fibromyalgia,Fibromyalgia,15/04/2016 15:34,AMANDAMILL77,@angelahacking Maybe a Local Fibromyalgia Support Group to you  Could Assist you in a diagnosis ?  And Maybe come with you to The Quacks :-D,"Loving wife to@poppahodson, Mother to 3 Amazing & Handsome son's....xxx And Nanny to an Amazing grandaughter & Like to Raise Autism Awareness.. .;-) THAT'S ME",,London,1324229395,,,Individual,subject,
7.20999E+17,Fibromyalgia,Fibromyalgia,15/04/2016 15:37,AMANDAMILL77,@angelahacking  Yes  !  Go one The Internet and just Type in  Fibromyalgia Support Groups and then the Area you Live  And fingers crossed x,"Loving wife to@poppahodson, Mother to 3 Amazing & Handsome son's....xxx And Nanny to an Amazing grandaughter & Like to Raise Autism Awareness.. .;-) THAT'S ME",,London,1324229395,,,Individual,subject,
7.21003E+17,Fibromyalgia,Fibromyalgia,15/04/2016 15:52,agaga,Overheard:  So thankful to find a product like Charlotte's Web that helps #fibromyalgia with NO side effects #WhyCW,"expert cross-media marketing strategist & business leader; music, sports, family lover & entrepreneurial explorer",Boulder,Mountain Time (US & Canada),15934898,,,Individual,subject,
7.21102E+17,Fibromyalgia,Fibromyalgia,15/04/2016 22:25,anitabrinkman,Sensory overload is a common problem for women with fibromyalgie https://t.co/Jpn6VxebDv,Zelfzorgcoach/ intuitief/ no-nonsense/ moeder/ondernemer/Healthy Lifestyle Stappenplan & meditatie's gratis https://t.co/CRYrfwjVtb,Veenendaal,Amsterdam,40950381,,,Individual,subject,
7.21114E+17,Fibromyalgia,Fibromyalgia,15/04/2016 23:13,arayburn3,Doing research and would like to know: What has pain taught you? #RheumatoidArthritis #fibromyalgia #chronicpain,"In October 2012 I was diagnosed with Rheumatoid Arthritis, Fibro and Raynauds. My goal is to bring awareness and support to those in need. #rheumatoidarthritis","Russellville, AR",,47158724,,,Individual,subject,
7.21412E+17,Fibromyalgia,Fibromyalgia,16/04/2016 18:57,Aenima666,"Leptin Tied to Bodily Pain, Predicts #Fibromyalgia Pain Levels, Researchers Say -  https://t.co/vWOuisbEHm via @fibronewstoday","Paciente e im-paciente con #Lupus Eritematoso Sistemico, activista-ciberactivista en #salud. Autora del blog ALEA IACTA EST. De mayor quiero ser Reumatologa.",MADRID,Amsterdam,230754936,,,Individual,subject,
7.21462E+17,Fibromyalgia,Fibromyalgia,16/04/2016 22:14,3tweetiebirds,Not sure this is correct: Fibromyalgia now considered as a lifelong central nervous system disorder... https://t.co/Cmhr8Gi2Zv,3 #ME/CFS patients in one home. No test=No Treatment=No Hope Support Valid Research!,USA,,252680051,,,Individual,subject,
7.21473E+17,Fibromyalgia,Fibromyalgia,16/04/2016 23:00,4janders,@Fibromyalgia_b @warriorscarryon why do you people use the term ~spoonie~ when referring to Fibromyalgia?,be yourself and be kind to others,,,2413733521,,,Individual,subject,
7.21477E+17,Fibromyalgia,Fibromyalgia,16/04/2016 23:15,aleighship,Fibromyalgia commercials make me so angry,no one could steer me right but mama tried,"Carrollton, GA",Eastern Time (US & Canada),138423925,,,Individual,subject,
7.21487E+17,Fibromyalgia,Fibromyalgia,16/04/2016 23:53,23inertia,"My favourite breakfast, that is also good for you! https://t.co/zBNAn5eg80 #Fibromyalgia #spoonie #fibrofood",ecomm grad | tech writer | mum | feminist | metalhead | ale drinker | social media nut |blogger. Learning to live with fibromyalgia.  Also @femetalism.,"Sheffield, UK",Amsterdam,570970086,,,Individual,subject,
7.21525E+17,Fibromyalgia,Fibromyalgia,17/04/2016 02:24,zzirf,The courts confirmed that fibromyalgia is grounds for declaring permanent disability - https://t.co/STDlJ5zOKh #fibro,What is the meaning of life?,Australia,Brisbane,18254443,,,Individual,subject,
7.21556E+17,Fibromyalgia,Fibromyalgia,17/04/2016 04:28,AbledLife365,A really simple of what Fibromyalgia illness is like... From the mighty. https://t.co/eGEWjYn5IP,"I have invisible illnesses and disabilities, too many to list. I live this Life365 days a year. This is an outlet to uplift other whom live like this. Emily Ann","Cleveland, Ohio",Eastern Time (US & Canada),2645755854,,,Individual,subject,
7.21561E+17,Fibromyalgia,Fibromyalgia,17/04/2016 04:47,AdamsonBobby,"Fixing seeing that fibromyalgia, fibromyalgia disabilities, introductory study being as how constrain.: hGTayJ https://t.co/ABKUrBqQBe",,,Adelaide,1205794243,,,Individual,subject,
7.21595E+17,Fibromyalgia,Fibromyalgia,17/04/2016 07:02,4janders,@warriorscarryon @Fibromyalgia_b thank you for the spoonie explanation,be yourself and be kind to others,,,2413733521,,,Individual,subject,
7.21774E+17,Fibromyalgia,Fibromyalgia,17/04/2016 18:55,ApollosCreed97,Coping with #Fibromyalgia's best seller status is solid for #Pain Management! https://t.co/TBEQ6gy3t9 - See for yourself.,Apollo's Creed and Apollo's Wing were created to help dog owners through the ordeal of cancer in their beloved pet.,Colorado,Mountain Time (US & Canada),353172269,,,Individual,subject,
7.21785E+17,Fibromyalgia,Fibromyalgia,17/04/2016 19:36,Annamezz68,@titina_q thank you but there is no cure for fibromyalgia and little awareness w drs.chronicpain can't b seen.but https://t.co/uQDH3m7xJb,"appriciate life,animal n nature lover,love God family friends n #F4F ers NO X FOR DRAMA! Chicago fibrofighter follow my sister @nini5115",,Central Time (US & Canada),2338706617,,,Individual,subject,
7.21829E+17,Fibromyalgia,Fibromyalgia,17/04/2016 22:32,AuntyListen,Apart from last paragraph citing exercise as a good treatment. This is a pretty good description of fibromyalgia. https://t.co/KaRYU0G1VQ,"Volunteer, Counselling Student, Agony Aunt to many... It's good to talk, especially over a nice cuppa and cake! M.E & Fibro, Gastroparesis, Autonomic Superhero.","North East, England",Casablanca,932435058,,,Individual,subject,
7.21838E+17,Fibromyalgia,Fibromyalgia,17/04/2016 23:09,annewilko,72 Symptoms Of Fibromyalgia (you wont believe) What are yours? https://t.co/mk3Jr4swvb,Freedom & Equality for all.,southport,London,24925005,,,Individual,subject,
7.21881E+17,Fibromyalgia,Fibromyalgia,18/04/2016 02:01,_sully77_,Ok I just clicked on the #fibromyalgia  hashtag and some of these are hilariously true https://t.co/9lVZsiTxEc,"Muslimah first, everything else second; Primum non nocere; #Physiotherapist #cleanliving #bodysoulfood #artist #photographer @SeekersHubTO",On my exercise ball,Quito,67094940,,,Individual,subject,
7.21899E+17,Fibromyalgia,Fibromyalgia,18/04/2016 03:13,angelfabulousa,"So proud to run my 1st 10k race in honour of my late grandad in 1hr,21 mins 52secs  #bipolar #fibromyalgia xxx https://t.co/NHxtcQBX0j","fiancee & mother fighting bipolar & fibromyalgia.adrenaline junkie,runner,gym bunny & mountain biker","England, United Kingdom",Pacific Time (US & Canada),3241628295,,,Individual,subject,
7.21907E+17,Fibromyalgia,Fibromyalgia,18/04/2016 03:44,actionontario,The courts confirmed that fibromyalgia is grounds for declaring permanent disability https://t.co/fE0WSkc4IZ,"ACTION Ontario strives to be an engaged, effective voice for Ontarians living with neuropathic and other forms of chronic pain.","Ontario, Canada",Eastern Time (US & Canada),20776537,,,Individual,subject,
7.21944E+17,Fibromyalgia,Fibromyalgia,18/04/2016 06:08,ApollosCreed97,All Kindle books can be read on MACs as well as Kindle readers... Try reading Coping with #Fibromyalgia https://t.co/5coMeO36FL #HOT,Apollo's Creed and Apollo's Wing were created to help dog owners through the ordeal of cancer in their beloved pet.,Colorado,Mountain Time (US & Canada),353172269,,,Individual,subject,
7.22024E+17,Fibromyalgia,Fibromyalgia,18/04/2016 11:28,Alt_NWO,The Cure to Fibromyalgia Your Doctor Doesnt Want You To Know https://t.co/wroWV4ZUw3,"I follow the NWO and their quest for world domination and control of YOU, to expose Truth.  Also Alt news from Before It's News.",San Francisco,Pacific Time (US & Canada),338844588,,,Individual,subject,
7.22079E+17,Fibromyalgia,Fibromyalgia,18/04/2016 15:05,alymaybe,"Next step: connect this to very real, stress-related physical illnesses like fibromyalgia or non-epileptic seizures. https://t.co/oH8SeCQuNf","I like talking sexuality, tech, disability, gender, and autonomy- preferably at the same time. hubs= @athertonkd dog= @stellahthedog. MA Transplant. UU #spoonie",the road. In DC 'til 5/17/16,Eastern Time (US & Canada),15772949,,,Individual,subject,
7.22144E+17,Fibromyalgia,Fibromyalgia,18/04/2016 19:23,AlexisOlerio,#Jointpain? #Fibromyalgia? #Arthritis? Old injuries!?  This is a MUST to add to your list of... https://t.co/y0smim0ykS,"Fitness Professional,Wellness & Life Coach,I focus on HEALTH. CPT w/ISSA & Master Trainer in SMR. Passionate about helping YOU better YOU! #AlexisOlerioFitness","Burbank, CA",Pacific Time (US & Canada),267891662,,,Individual,subject,
7.22179E+17,Fibromyalgia,Fibromyalgia,18/04/2016 21:44,absforminute,Discover Fibromyalgia Relief With Midlothian Chiropractic Office https://t.co/BXkmmWG6G9,The Venus Factor program is designed to work with your body shape and size to produce custom guidelines that fit with your lifestyle and current fitness level,usa,Azores,2370429823,,,Individual,subject,
7.22235E+17,Fibromyalgia,Fibromyalgia,19/04/2016 01:28,_CWN,@autisticfeels @lizditz @BeckyJohnson222 did it accompany  fibromyalgia or anything like that?,Brick Muffinwhistle's Chicago World News.  News no other outlet would touch without showering afterward. The leader in internet news since 1952.,,Central Time (US & Canada),54330549,,,Individual,subject,
7.22238E+17,Fibromyalgia,Fibromyalgia,19/04/2016 01:40,androidvault1,"I suspect that what is now fibromyalgia, started off as chronic fatigue syndrome in 1988. I was.. https://t.co/dr5oow0xLY #android",,,,4470440319,,,Individual,subject,
7.22341E+17,Fibromyalgia,Fibromyalgia,19/04/2016 08:28,aminejabiri,Learn To Discover Fibromyalgia Relief With Stockbridge GA Chiropractic Office: By Hans GerhardWith more cases ... https://t.co/eklhSL7upr,"Daily tips on health,  nutrition,health & fitness,weight-loss  you build a better you!",,Amsterdam,2337353420,,,Individual,subject,
7.22467E+17,Fibromyalgia,Fibromyalgia,19/04/2016 16:47,alexdiez77,Fibromyalgia: Kyle J. Norton (Scholar)Health article writer and researcher; Over 10.000 artic... https://t.co/X95DAsbVzP via @kylejnorton,"Lcdo.CCAFYDE Colegiado: 53896 CEO en @drtrainers. Fitness , Salud. Entrenamiento Personal y Online info@healthypersonaltraining.com",,Athens,898624297,,,Individual,subject,
7.22474E+17,Fibromyalgia,Fibromyalgia,19/04/2016 17:17,2commonsense,Watching a documentary called Living with Fibromyalgia.... https://t.co/IPE6dsPZWe,"Fibrofighter, Writer, Paper Crafter.","Pennsylvania, USA",Pacific Time (US & Canada),14712063,,,Individual,subject,
7.22645E+17,Fibromyalgia,Fibromyalgia,20/04/2016 04:37,AdsilaMika,"@AdsilaMika that is to say, . They think it's at least fibromyalgia, but suspect it's Lupus.  On and on.","Cooking, gardening, herbs, walking, picking flowers.Female,Vegetarian. ASD.Japanese,with other nationalities mixed in.Forever https://t.co/PZx7ztvZ02.",Japan,Irkutsk,2820004866,,,Individual,subject,
7.22757E+17,Fibromyalgia,Fibromyalgia,20/04/2016 12:02,VSChiropractic,"#Fibromyalgia; for those who suffer from it, they know it's not all in their head. https://t.co/vAnLbZ0Ltk","My goal is education, so my patients can make informed and insightful decisions about their health care","Roswell, GA",,4830580019,,,Individual,subject,
7.22759E+17,Fibromyalgia,Fibromyalgia,20/04/2016 12:09,AbiBuddComms,"#Fibromyalgia vs. #multiplesclerosis (MS), comparing symptoms, diagnosis, and treatment https://t.co/H62ViZ7K1r",I #write a blog about #MultipleSclerosis .Part time #writer DX with #RRMS in 2008 https://t.co/RQi8ylHPya,Brighton - England,Amsterdam,1066255464,,,Individual,subject,
7.22772E+17,Fibromyalgia,Fibromyalgia,20/04/2016 13:01,AdamsonBobby,"Balance so that fibromyalgia, fibromyalgia disabilities, therapy from bruise.: miQPSC https://t.co/sqGIiTGgiZ",,,Adelaide,1205794243,,,Individual,subject,
7.22781E+17,Fibromyalgia,Fibromyalgia,20/04/2016 13:35,ADayInScrubs,Scientists Discover Infant Colic Actually Baby Fibromyalgia https://t.co/AnEfTo6cFX #medhumor https://t.co/b0TCQpi66j,[Featured] 100% Awesome Medical Apparel: https://t.co/RQC5omT4id,United States,Pacific Time (US & Canada),,,,Individual,subject,
7.22834E+17,Fibromyalgia,Fibromyalgia,20/04/2016 17:09,aflynn33,I liked a @YouTube video https://t.co/mnpUeE65SG I have Fibromyalgia?,"I'm a Daughter, Mom, Wife, Sister and Friend. Luv all the simple things in life ! I sell  YOUNIQUE MAKEUP PRODUCTS",Scarborough Ontario,Quito,47231437,,,Individual,subject,
7.22854E+17,Fibromyalgia,Fibromyalgia,20/04/2016 18:28,aflynn33,I added a video to a @YouTube playlist https://t.co/qFDtDCpSRy Fibromyalgia Breakdown (6.22.2015 - Day 197),"I'm a Daughter, Mom, Wife, Sister and Friend. Luv all the simple things in life ! I sell  YOUNIQUE MAKEUP PRODUCTS",Scarborough Ontario,Quito,47231437,,,Individual,subject,
7.385E+17,Fibromyalgia,Fibromyalgia,02/06/2016 22:37,anthonywalsh400,"@heatherj750 @911well nothing as bad as fibromyalgia. Sciatica, gout. Cherries r gr8 4 the gout. I like the natural remedies but",Love my family & LFC. Dislike the Tories. #endgazasiege working class,Liverpool,None,2700519166,,,Individual,subject,
7.38625E+17,Fibromyalgia,Fibromyalgia,03/06/2016 06:55,AdamsonBobby,"Introductory study pro fibromyalgia, fibromyalgia disabilities, balance in furtherance of sorrowfulness.: XItMoP https://t.co/ABV7M12tSl",,,Adelaide,1205794243,,,Individual,subject,
7.38757E+17,Fibromyalgia,Fibromyalgia,03/06/2016 15:40,zobrosky,"Your host of The Fibro Fix Summit, Dr. David M. Brady, is an internationally recognized expert in fibromyalgia... https://t.co/JW3gyx3eCb",Specialized Life/Biz Transformation Coach  EFT/LOA Certified     Creator of 'Purpose & Wealth by Design' 12 wk Intensive,Northern California,Pacific Time (US & Canada),19728267,,,Individual,subject,
7.38809E+17,Fibromyalgia,Fibromyalgia,03/06/2016 19:06,voynmusic,"In fibromyalgia patients, music therapy can reduce pain, depression, anxiety, and improve sleep https://t.co/t0UJs0PcYT","First Class Composer  Producer  Sound Engineer    Making Pop, Dance and Film Music  Contact: iamvoyn@gmail.com",Bulgaria,Sofia,2827923506,,,Individual,subject,
7.38853E+17,Fibromyalgia,Fibromyalgia,03/06/2016 22:01,ActivMed,Doing Away with Pain: 8 #Fibromyalgia Treatments https://t.co/fLA5zZN6yv via @Healthline,Research trial offices with local area physicians.  Founded  in 1994 we have completed over 650 clinical research trials. Studying tomorrow's treatments today!,"Methuen, MA / Newington NH",Central Time (US & Canada),97031934,,,Individual,subject,
7.38862E+17,Fibromyalgia,Fibromyalgia,03/06/2016 22:37,_RatchetMess,Symptoms Of Fibromyalgia That You May Not Be Aware Of And How To Control Them https://t.co/Tb8VtT8mXk,The home of all things Ratchet. Join the Revolution.,,None,2773138940,,,Individual,subject,
7.38962E+17,Fibromyalgia,Fibromyalgia,04/06/2016 05:14,VPonder,@NicT10 @HNXication Fibromyalgia typical woman's condition and considered a joke. Now it's believe 2b associated w trauma 1/3,Meerkat and Periscope early adopter. I know a little something about everything. Yoga does a mind and body good.,"Austin, TX",Central Time (US & Canada),18042806,,,Individual,subject,
7.38974E+17,Fibromyalgia,Fibromyalgia,04/06/2016 06:02,AncientRivers,Tai Chi May Benefit Patients With Fibromyalgia https://t.co/xv3X26yqQ3,"I am a shamanic practitioner and licensed acupuncturist. I provide long distance healing for people and pets, as well as ghostbusting.","Eugene, OR",Pacific Time (US & Canada),18891396,,,Individual,subject,
7.38998E+17,Fibromyalgia,Fibromyalgia,04/06/2016 07:38,arayburn3,#chronicpain #Fibromyalgia #rheumatoid #chronicillness   Tips please and thank you! https://t.co/JNvfHnpt5q,"In October 2012 I was diagnosed with #RheumatoidArthritis, #Fibromyalgia and Raynauds. My goal is to bring awareness and support to those in need. #chronicpain","Russellville, AR",None,47158724,,,Individual,subject,
7.39023E+17,Fibromyalgia,Fibromyalgia,04/06/2016 09:16,amplifiHERmedia,"In fibromyalgia patients, music therapy can reduce pain, depression, anxiety, and improve sleep https://t.co/3HLzBcS150",Marketing+Promo designed to maintain artists independence while establishing a genuinely supportive fan base that will amplify your brand.,,None,1941515868,,,Individual,subject,
7.39045E+17,Fibromyalgia Pain,Fibromyalgia,04/06/2016 10:42,alfredaupton16,Read How Can You Battle From #Fibromyalgia and Knee Pain - https://t.co/qcKFd1pJj0,"Alfreda Upton is an American surgeon, health researcher and  consultant.She done her M.D from Harvard University of USA.  She lives in NewYork.","Valley Stream, NY, USA",Pacific Time (US & Canada),7.20946E+17,,,Individual,subject,
7.39615E+17,Fibromyalgia,Fibromyalgia,06/06/2016 00:29,AboutPTguide,"If it's fun, I'm in: https://t.co/UTAsssJaq9 via @AdrienneDellwo","Physical therapist, private practice owner. Physical Therapy Expert at https://t.co/mlyBFRJj1i. All my own thoughts.","Upstate, NY",Eastern Time (US & Canada),346307729,,,Individual,subject,
7.39719E+17,#fibro,Fibromyalgia,06/06/2016 07:20,aBodyofHope,Nerves in Nature: Exploration in Photography #1 https://t.co/WkyafzLLES via @aBodyofHope #Art #rsd #crps #fibro #spoonie #chroniclife,"Fighting war with gravity #goingvertical.  11 yrs CRPS, 5 yr Migraine, POTS, etc.  God can use ANYTHING 4 good.  Blogging from bed. Pain patient advocate.",Bed,Atlantic Time (Canada),2376042794,,,Individual,subject,
7.39795E+17,#fibro,Fibromyalgia,06/06/2016 12:22,AuntyListen,This is what I think of #Fibro and M.E... https://t.co/sLdFtYb4bL,"Volunteer, Counselling Student, Agony Aunt to many... It's good to talk, especially over a nice cuppa and cake! M.E & Fibro, Gastroparesis, Autonomic Superhero.","North East, England",Casablanca,932435058,,,Individual,subject,
7.39834E+17,Fibromyalgia,Fibromyalgia,06/06/2016 14:57,AdamsonBobby,"Excursus as representing fibromyalgia, fibromyalgia disabilities, debate forasmuch as stress of life.: bgoWzl https://t.co/NpsGWlBdNE",,,Adelaide,1205794243,,,Individual,subject,
7.39967E+17,Fibromyalgia Fog,Fibromyalgia,06/06/2016 23:48,amjmom2001,"Fibro Fog: Fibromyalgia Fatigue, Energy Loss, and Concetration Problems https://t.co/ejCo3x8gHI",life is what you make it......my life is made of my three kids and that means the world to me.  And never depend on anyone but yourself.,,None,366390542,,,Individual,subject,
7.40062E+17,Fibromyalgia,Fibromyalgia,07/06/2016 06:05,AntiAgingIdeas,"Exercises for Fibromyalgia - William Smith, Zinovy Meyler, D.O. &amp; Jo Brielyn - https://t.co/tNffwWLPcp",Author-Blogger-Marketer #AntiAging #Longevity #SkinCare #Beauty #Makeup #Wrinkles #CrowsFeet #F4F #IFollowBack,,None,6.96297E+17,,,Individual,subject,
7.40191E+17,Fibromyalgia,Fibromyalgia,07/06/2016 14:37,AndieWilliams33,"Majority of Fibromyalgia Patients Also Diagnosed With Depression,... https://t.co/gH0EBT8MU0","If you tell the truth, you don't have to remember anything.",United States,Pacific Time (US & Canada),7.19523E+17,,,Individual,subject,
7.40287E+17,Fibromyalgia,Fibromyalgia,07/06/2016 21:01,AngelinaSusan2,Fibromyalgia render factors - inflowing which are her?: Ywina,,,Brussels,1223410880,,,Individual,subject,
7.40324E+17,Fibromyalgia,Fibromyalgia,07/06/2016 23:25,amyyacer,5 Things NOT To Say To Someone With Fibromyalgia https://t.co/4ZYiWwwr1u,,,Central Time (US & Canada),792655382,,,Individual,subject,
7.40588E+17,Fibromyalgia,Fibromyalgia,08/06/2016 16:55,anetto,Maybe we will see more research about #fibromyalgia in chronic rheum diseases. 1 disease is enough IMO #EULAR2016 https://t.co/4vYdxUEDQA,"Health blogger. Enthusiastic advocate for patient inclusion, support, education. MedX ePatient Scholar, Sjogrens, RA http://t.co/qx4Vw8snTR","Toronto,Ontario",Eastern Time (US & Canada),17331154,,,Individual,subject,
7.40618E+17,Fibromyalgia,Fibromyalgia,08/06/2016 18:55,VProtheroe,Fibromyalgia and Sensitivity to Touch  https://t.co/SPEhiVdOB4,"#talesfromthedressbox BSc, MSc. INFJ Empath, living with #CFS Lover of all things ethereal, theatrical, aesthetic, macabre. Macmillan Cancer Support",Probably in a waiting room,Amsterdam,889811521,,,Individual,subject,
